{"loss": [3.368964433670044], "accuracy": [0.1272321492433548], "val_loss": [3.272533416748047], "val_accuracy": [0.1380208283662796]}